Email,Password,Role,FirstName,LastName,PhoneNumber,DateOfBirth
pauger0@wikispaces.com,password,Customer,Phyllis,Auger,9431758821,1972/12/05
bstangel1@cargocollective.com,password,Customer,Boyd,St Angel,3712520573,1971/09/27
mreichhardt2@usda.gov,password,Customer,Mufi,Reichhardt,4818502016,1993/08/21
gcearley3@amazonaws.com,password,Customer,Gery,Cearley,7555866977,1962/12/15
mpinching4@themeforest.net,password,Customer,Marna,Pinching,2657621811,1979/04/02
kraikes5@msu.edu,password,Customer,Kacie,Raikes,2174555668,1980/03/07
jtidbald6@edublogs.org,password,Customer,Joanna,Tidbald,7382753865,2001/05/29
mrexworthy7@so-net.ne.jp,password,Customer,Moria,Rexworthy,2386059008,2003/12/23
pfrederick8@jalbum.net,password,Customer,Pietrek,Frederick,3207621709,1961/11/30
bpenddreth9@ucoz.ru,password,Customer,Benedick,Penddreth,8291894667,2001/10/02
clemarquisa@shop-pro.jp,password,Customer,Charmine,Le Marquis,5491729484,1970/07/20
qodyvoieb@stanford.edu,password,Customer,Quinn,O'Dyvoie,3875844182,1999/02/15
jworkesc@senate.gov,password,Customer,Jesse,Workes,9976394515,1963/08/26
ccheesleyd@yandex.ru,password,Customer,Caroljean,Cheesley,8514987534,1961/02/07
gbredburye@usgs.gov,password,Customer,Garnette,Bredbury,8929584448,1961/07/25
lthornthwaitef@youtu.be,password,Customer,Lorilee,Thornthwaite,5473149350,1998/03/31
dbreagang@theatlantic.com,password,Customer,Doralia,Breagan,9696679046,1968/11/11
jmasserh@t-online.de,password,Customer,Jena,Masser,8975771574,1971/06/22
mwallheadi@washington.edu,password,Customer,Minda,Wallhead,2373175057,1998/11/02
bsawlej@timesonline.co.uk,password,Customer,Brandy,Sawle,3261054651,1995/11/18
rludovicik@reddit.com,password,Customer,Reeba,Ludovici,2441254407,1990/10/30
bbiaggil@ow.ly,password,Customer,Barrie,Biaggi,3856449246,1969/01/05
devennettm@hibu.com,password,Customer,Dredi,Evennett,8231392626,1983/10/03
lhandesn@nifty.com,password,Customer,Lawton,Handes,7293939107,1996/02/06
bgenikeo@xinhuanet.com,password,Customer,Bobina,Genike,6775233372,1961/08/10
rkillcrossp@photobucket.com,password,Customer,Ross,Killcross,8206638447,1975/07/13
sleebeterq@sitemeter.com,password,Customer,Sada,Leebeter,1684616002,1980/11/04
ktraillr@imdb.com,password,Customer,Karlan,Traill,2855440559,2004/07/24
jthodys@trellian.com,password,Customer,Jonie,Thody,4486808311,1989/05/11
bferrottit@youku.com,password,Customer,Bentley,Ferrotti,9745326160,1996/05/06
kgashionu@behance.net,password,Customer,Koo,Gashion,6758051653,2001/02/19
dgarlickev@wp.com,password,Customer,Di,Garlicke,3467542392,1968/03/26
fbareheadw@indiatimes.com,password,Customer,Freddie,Barehead,1242489557,1990/05/07
jbigleyx@amazon.co.jp,password,Customer,Jacinda,Bigley,1015645317,1962/08/05
jottony@elegantthemes.com,password,Customer,Joline,Otton,4183598148,1988/09/02
ktackellz@acquirethisname.com,password,Customer,Kathie,Tackell,6257449924,1977/12/16
vmityukov10@hatena.ne.jp,password,Customer,Vilhelmina,Mityukov,7034406579,1965/01/28
cbowkett11@paypal.com,password,Customer,Catherina,Bowkett,4516283492,1988/04/14
imccutheon12@indiegogo.com,password,Customer,Iolande,McCutheon,9708579608,1967/10/26
gelcoux13@nationalgeographic.com,password,Customer,Gena,Elcoux,3427036181,1982/08/29
